{
  "precision": 0.6598639455782312,
  "recall": 0.521505376344086,
  "roc_auc": 0.8403530275114762,
  "confusion_matrix": [
    [
      933,
      100
    ],
    [
      178,
      194
    ]
  ]
}